respondent_id,approve_president
3068,Disapprove
2925,Disapprove
1834,Disapprove
508,Approve
2016,Approve
1890,Approve
2205,Approve
531,Approve
2198,Disapprove
1525,Approve
1638,Disapprove
219,Approve
1625,Approve
779,Approve
519,Disapprove
936,Disapprove
3661,Disapprove
941,Disapprove
858,Disapprove
3781,Disapprove
3993,Disapprove
184,Approve
34,Approve
1033,Approve
249,Disapprove
2561,Disapprove
2784,Disapprove
1596,Approve
3222,Disapprove
76,Disapprove
2362,Disapprove
3596,Approve
2884,Disapprove
1817,Disapprove
1715,Disapprove
906,Approve
1447,Disapprove
741,Disapprove
3223,Disapprove
4018,Disapprove
1629,Approve
3550,Disapprove
594,Disapprove
2472,Disapprove
3775,Disapprove
2810,Approve
3989,Approve
162,Approve
777,Approve
2075,Disapprove
2691,Approve
3545,Approve
293,Approve
3791,Disapprove
1317,Approve
1296,Disapprove
2866,Disapprove
2770,Approve
1543,Disapprove
4092,Disapprove
521,Approve
2396,Approve
3411,Disapprove
614,Disapprove
2656,Disapprove
89,Approve
1098,Disapprove
1107,Disapprove
3543,Approve
3305,Disapprove
1663,Disapprove
1743,Disapprove
775,Approve
2400,Disapprove
875,Disapprove
1030,Approve
1147,Approve
3160,Disapprove
3597,Approve
2783,Disapprove
367,Disapprove
1863,Approve
3318,Approve
3639,Disapprove
2728,Disapprove
2920,Approve
1569,Approve
3848,Approve
103,Approve
3473,NA
1673,Disapprove
14,Approve
119,Approve
1843,Disapprove
3790,Disapprove
654,Disapprove
102,Disapprove
2382,Disapprove
40,Disapprove
2078,Approve
2311,Disapprove
1050,Approve
3278,Approve
2526,Disapprove
2334,Approve
2680,Disapprove
4145,Disapprove
2151,Disapprove
2693,Approve
1623,Disapprove
3970,Disapprove
2072,Disapprove
1307,Disapprove
1654,Approve
377,Disapprove
4147,Approve
3783,Approve
3853,Disapprove
2767,Approve
2159,Disapprove
3995,Disapprove
3815,Disapprove
701,Disapprove
2539,Disapprove
455,Disapprove
3987,Disapprove
1772,Disapprove
3117,Approve
1445,Disapprove
1172,Disapprove
1610,Approve
513,Approve
1344,Disapprove
3573,Approve
829,Disapprove
2701,Approve
3159,Disapprove
1255,Disapprove
3353,Approve
304,Approve
2637,Disapprove
259,Disapprove
525,Approve
641,Disapprove
3747,Approve
687,Approve
3494,Approve
94,Approve
3510,Approve
450,Approve
1727,Disapprove
1492,Disapprove
1353,Disapprove
1994,Approve
1847,Disapprove
1304,Disapprove
1139,Disapprove
1448,Disapprove
3847,Approve
3928,Disapprove
1644,Approve
1812,Approve
3236,Disapprove
1787,Disapprove
1592,Disapprove
2628,Approve
1508,Approve
3894,Disapprove
3493,Disapprove
1962,Disapprove
3952,Disapprove
991,Disapprove
1382,Disapprove
3029,Approve
2553,Disapprove
669,Disapprove
2615,Approve
844,Disapprove
1956,Approve
243,Disapprove
1330,Disapprove
4103,Approve
4030,Disapprove
1632,Approve
3999,Disapprove
2395,Approve
2414,Approve
3010,Disapprove
3988,Disapprove
1094,Approve
786,Disapprove
1682,Approve
1460,Approve
46,Disapprove
2331,Approve
2781,Disapprove
691,Disapprove
1784,Disapprove
4071,Approve
2413,Disapprove
2974,Disapprove
1552,Disapprove
4082,Approve
3536,Approve
2759,Approve
3982,Disapprove
267,Disapprove
2101,Approve
3875,Approve
2811,Approve
1905,Approve
3470,Disapprove
1456,Approve
806,Disapprove
2688,Disapprove
2644,Disapprove
2734,Disapprove
2611,Disapprove
1144,Approve
2435,Approve
2930,Approve
467,Approve
2717,Disapprove
1060,Approve
960,Disapprove
1541,Disapprove
2663,Disapprove
690,Disapprove
980,Approve
795,Disapprove
2452,Disapprove
728,Approve
1108,Disapprove
1688,Disapprove
2749,Approve
530,Disapprove
1458,Disapprove
1042,Disapprove
1570,Approve
721,Disapprove
1911,Approve
1260,Approve
2668,Approve
441,NA
2125,Disapprove
4003,Approve
3918,Disapprove
4117,Approve
3841,Disapprove
2458,Approve
3603,Disapprove
1583,Approve
681,Approve
1421,Disapprove
3434,Disapprove
1000,Disapprove
2434,Disapprove
236,Disapprove
4024,Disapprove
1196,Approve
1312,Disapprove
1195,Disapprove
2581,Disapprove
2835,Approve
2529,Disapprove
1711,Approve
3954,Disapprove
1943,Disapprove
2509,Approve
2799,Approve
2947,Disapprove
1936,Approve
2007,Approve
698,Disapprove
2318,Disapprove
1866,Disapprove
2540,Disapprove
2447,Approve
2888,Approve
95,Approve
620,Approve
1894,Disapprove
663,Disapprove
689,Approve
3780,Disapprove
820,Disapprove
738,Disapprove
2348,Approve
2662,Approve
3427,Approve
3757,Approve
1853,Disapprove
633,Approve
305,Disapprove
1752,Approve
2154,Approve
1091,Disapprove
2528,Disapprove
1718,Disapprove
2877,Disapprove
1209,Disapprove
3454,Approve
3352,Disapprove
2562,Approve
2105,Approve
2906,Approve
1386,Disapprove
3880,Disapprove
3300,Approve
2772,Disapprove
2116,Disapprove
488,Disapprove
78,Disapprove
2203,Approve
1469,Approve
3777,Approve
750,Disapprove
3855,Disapprove
591,Approve
3179,Disapprove
3620,Disapprove
2661,Approve
3449,Disapprove
3366,Approve
2133,Disapprove
1254,Disapprove
2025,Disapprove
8,Disapprove
782,Disapprove
86,Approve
3752,Approve
1363,Disapprove
2758,Approve
389,Disapprove
3115,Disapprove
3157,Disapprove
1762,Disapprove
800,Disapprove
1618,Approve
341,Approve
2112,Disapprove
2110,Disapprove
2322,Approve
4141,Disapprove
1835,Disapprove
2455,Disapprove
2255,Approve
2047,Approve
3621,Disapprove
3923,Disapprove
873,Approve
3388,Approve
3714,Disapprove
849,Approve
1664,Approve
2635,Disapprove
277,Approve
163,Approve
3786,Disapprove
10,Disapprove
3513,Disapprove
1581,Disapprove
481,Disapprove
3460,Approve
3087,Disapprove
3997,Approve
685,Approve
2878,Disapprove
1193,Approve
507,Approve
477,Approve
2493,Disapprove
1118,Disapprove
546,Disapprove
4061,Approve
1038,Approve
2157,Disapprove
206,Disapprove
4130,Disapprove
1471,Disapprove
2394,Disapprove
2220,Approve
1854,Approve
2048,Approve
3373,Disapprove
1472,Approve
2300,Approve
325,Disapprove
2398,Disapprove
2416,Approve
316,Disapprove
3186,Disapprove
2574,Disapprove
3564,Disapprove
4037,Approve
3392,NA
1146,Approve
2830,Disapprove
3098,Approve
387,Approve
1129,Disapprove
1219,Disapprove
1003,Approve
3560,Disapprove
3561,Approve
3888,Approve
3055,Approve
75,Disapprove
161,Disapprove
4160,Disapprove
1831,Approve
898,Approve
3244,Disapprove
1646,Disapprove
3263,Approve
3828,Disapprove
408,Approve
1200,Disapprove
1015,Approve
1065,Disapprove
416,Approve
1888,Approve
360,Approve
996,Disapprove
3508,Disapprove
2742,Disapprove
428,Disapprove
2546,Disapprove
28,Approve
2570,Approve
141,Approve
2867,Approve
1159,Disapprove
904,Disapprove
2790,Approve
2682,Approve
897,Disapprove
463,Approve
3471,Approve
1279,Disapprove
2660,Disapprove
3726,Disapprove
443,Approve
3199,Disapprove
1756,Disapprove
730,Disapprove
3713,Disapprove
1669,Disapprove
56,Disapprove
524,Disapprove
179,Disapprove
1851,Approve
1965,Approve
2966,Approve
3699,Disapprove
1132,Disapprove
2339,Approve
842,Disapprove
4041,Approve
31,Disapprove
2746,Disapprove
1374,Approve
1153,Disapprove
4146,Approve
1875,Approve
3125,Disapprove
2208,Disapprove
2582,Disapprove
1794,Approve
1122,Approve
3000,Approve
2267,Approve
3310,Approve
417,Approve
2137,Approve
2551,Disapprove
1846,Approve
969,Approve
1510,Disapprove
235,Disapprove
337,Disapprove
2646,Approve
2380,Approve
3720,Disapprove
64,Approve
2917,Approve
700,Disapprove
2808,Disapprove
194,Approve
1377,Disapprove
2972,Approve
2763,Approve
664,Approve
2315,Disapprove
1678,Disapprove
2367,Approve
2113,Approve
1342,Approve
704,Disapprove
771,Disapprove
16,Disapprove
388,Disapprove
2355,Approve
2436,Disapprove
1479,Approve
770,Disapprove
3678,NA
2543,Disapprove
370,Approve
3677,Approve
3374,Approve
3124,Disapprove
879,Disapprove
4107,Approve
1588,Disapprove
3796,Approve
112,Approve
2120,Disapprove
3682,Approve
1557,Approve
2119,Disapprove
270,Disapprove
1174,Approve
1878,Disapprove
4073,Disapprove
2406,Disapprove
1404,Disapprove
3537,Disapprove
2958,Approve
3036,Approve
3378,Disapprove
393,Disapprove
138,Disapprove
3239,Disapprove
3362,Approve
1086,Disapprove
618,Disapprove
1746,Approve
1396,Disapprove
1539,Approve
3938,Disapprove
1064,Disapprove
2651,Approve
962,Disapprove
15,Approve
1224,Disapprove
2523,Approve
461,Approve
868,Disapprove
3341,Disapprove
3208,Approve
748,Disapprove
2417,Disapprove
3891,Disapprove
2093,Disapprove
3607,Approve
2505,Approve
453,Disapprove
3956,Approve
573,Disapprove
282,Disapprove
2698,Disapprove
3235,Disapprove
265,Disapprove
599,Approve
2617,Approve
2798,Approve
3150,Approve
3441,Disapprove
3226,Disapprove
3876,Disapprove
679,Approve
1662,Disapprove
1908,Approve
3445,Disapprove
2359,Disapprove
3359,Disapprove
1505,Disapprove
1827,Disapprove
2241,Approve
2252,Approve
3946,Approve
204,Disapprove
3419,Approve
3737,Disapprove
1366,Disapprove
3182,Approve
1348,Approve
3623,Disapprove
2060,Approve
565,Disapprove
976,Disapprove
1929,Approve
4090,Disapprove
1922,Approve
765,Disapprove
822,Disapprove
3070,Approve
2276,Disapprove
2387,Approve
3043,Approve
2550,Disapprove
617,Approve
1777,Approve
2744,Disapprove
251,Disapprove
3369,Approve
3062,Disapprove
2554,Disapprove
3320,Approve
3612,Approve
3810,Disapprove
999,Approve
3601,Disapprove
2430,Approve
2956,Disapprove
1938,Approve
445,Disapprove
3014,Disapprove
2229,Approve
1286,Approve
1168,Approve
523,Disapprove
4159,Approve
2579,Approve
1870,Disapprove
3126,Approve
3277,Approve
1252,Disapprove
2976,Disapprove
1511,Approve
3569,Disapprove
484,Disapprove
3407,Disapprove
2182,Approve
2039,Disapprove
1721,Approve
478,Disapprove
1280,Approve
1494,Approve
4015,Approve
2753,Disapprove
3643,Disapprove
498,Disapprove
328,Approve
1155,Approve
486,Disapprove
841,Disapprove
1636,Disapprove
3961,Disapprove
826,Disapprove
3694,Approve
2839,Disapprove
3724,Disapprove
3455,Approve
3610,Disapprove
308,Disapprove
1659,Approve
3950,Disapprove
1373,Approve
1619,Disapprove
2032,Approve
796,Disapprove
3984,Disapprove
1081,Approve
3204,Approve
3532,Disapprove
3606,Approve
1852,Disapprove
1999,Disapprove
3631,Disapprove
3965,Disapprove
1516,Approve
3605,Disapprove
2927,Approve
3731,Approve
3084,Approve
760,Disapprove
642,Disapprove
1972,Approve
2156,Disapprove
675,Approve
3575,Approve
3161,Disapprove
518,Disapprove
131,Disapprove
447,Disapprove
1805,Disapprove
2894,Disapprove
2001,Approve
1281,Disapprove
2041,Disapprove
44,Disapprove
2587,Disapprove
406,Disapprove
528,Approve
574,Disapprove
2465,Disapprove
1919,Disapprove
1993,Disapprove
3953,Disapprove
877,Disapprove
576,Disapprove
3653,Disapprove
2652,Approve
3273,Disapprove
3437,Disapprove
1425,Approve
329,Disapprove
2782,Disapprove
196,Disapprove
2206,Disapprove
1167,Approve
1893,Disapprove
237,Disapprove
979,Approve
3684,Disapprove
1859,Disapprove
1397,Disapprove
3628,Disapprove
3018,Approve
3151,Disapprove
2827,Approve
1902,Disapprove
2237,Disapprove
4067,Disapprove
2935,Approve
3570,Disapprove
4122,Disapprove
2779,Approve
809,Disapprove
1498,Disapprove
369,Disapprove
415,Disapprove
2168,Disapprove
1016,Approve
2498,Approve
1287,Approve
1602,Disapprove
2527,Disapprove
3066,Disapprove
3522,Disapprove
1881,Disapprove
182,Approve
1487,Disapprove
2700,Approve
39,Approve
1483,Disapprove
3232,Disapprove
3480,Disapprove
4033,Disapprove
3461,Disapprove
3889,Approve
1021,Disapprove
390,Disapprove
1056,Disapprove
1031,Disapprove
2862,Approve
3181,Disapprove
1162,Disapprove
3069,Disapprove
2409,NA
1897,Approve
434,Approve
67,Approve
1776,Disapprove
148,Disapprove
1170,Approve
398,Approve
3589,Disapprove
172,Approve
84,Approve
1109,Disapprove
1783,Disapprove
2786,Disapprove
3580,Disapprove
3641,Disapprove
2645,Disapprove
1092,Disapprove
496,Disapprove
186,Disapprove
381,Disapprove
2503,Approve
1431,Approve
3626,Approve
3413,Disapprove
2849,Approve
539,Approve
2478,Approve
1620,Approve
958,Disapprove
122,Approve
351,Disapprove
825,Approve
2188,Disapprove
2249,Disapprove
1145,Approve
537,Approve
3528,Disapprove
1112,Approve
2345,Approve
32,Disapprove
3633,Disapprove
3578,Approve
746,Disapprove
797,Disapprove
1601,Disapprove
3818,Disapprove
3409,Disapprove
1417,Approve
3632,Disapprove
2194,Approve
3858,Disapprove
1955,Disapprove
3162,Approve
2666,Disapprove
2024,Approve
3629,Disapprove
3838,Disapprove
3579,Disapprove
2292,Approve
1143,Approve
2353,Approve
1376,Disapprove
4065,Approve
203,Approve
4163,Disapprove
1502,Disapprove
4112,Disapprove
1586,Approve
541,Approve
2788,Approve
3340,Disapprove
1176,Disapprove
582,Approve
1140,Disapprove
1088,Disapprove
3638,Approve
1142,Disapprove
2118,Approve
1208,Disapprove
1163,Approve
2787,Disapprove
1325,Approve
1045,Approve
1066,Disapprove
158,Disapprove
3387,Disapprove
3862,Approve
2534,Approve
1503,Disapprove
1818,Approve
4162,Approve
2029,Disapprove
2964,Disapprove
2306,Disapprove
25,NA
3103,Disapprove
3663,Disapprove
2138,Disapprove
1457,Disapprove
3571,Disapprove
2725,Approve
3691,Approve
1180,Approve
1666,Disapprove
3406,Disapprove
2222,Approve
934,Disapprove
2167,Approve
602,Approve
3246,Disapprove
997,Disapprove
4005,Approve
2736,Approve
1054,Disapprove
756,Approve
635,Disapprove
3711,Approve
1073,Approve
3826,Disapprove
114,Disapprove
1151,Approve
1428,Disapprove
1839,Disapprove
47,Disapprove
1739,Approve
2058,Approve
1935,Approve
3080,Disapprove
2843,Approve
30,Approve
3013,Approve
333,Disapprove
3542,Disapprove
2634,Disapprove
4153,Approve
605,Approve
3767,Approve
2899,Approve
2720,Disapprove
2028,Disapprove
3486,Disapprove
2464,Disapprove
670,Disapprove
2968,Approve
1868,Disapprove
649,Disapprove
110,Disapprove
55,Disapprove
686,Approve
115,Disapprove
1723,Disapprove
3005,Disapprove
79,Disapprove
1074,Disapprove
2335,Disapprove
3893,Disapprove
1006,Approve
2683,Disapprove
4023,Disapprove
497,Disapprove
3945,Disapprove
3922,Disapprove
3773,Disapprove
2991,Approve
2278,Disapprove
1357,Disapprove
2679,Disapprove
1035,Disapprove
69,Disapprove
735,Approve
1271,Disapprove
404,Disapprove
1889,Disapprove
3506,Disapprove
5,Approve
2172,Disapprove
426,Approve
2970,Disapprove
3474,Disapprove
2454,Disapprove
973,Disapprove
11,Disapprove
2209,Disapprove
3431,Approve
2620,Approve
3262,Disapprove
3520,Disapprove
1672,Approve
1154,Disapprove
229,Disapprove
516,Disapprove
1920,Approve
2163,Disapprove
863,Approve
512,Disapprove
4088,Disapprove
2196,Disapprove
2650,Approve
307,Disapprove
2955,Disapprove
3793,Approve
3776,Disapprove
2444,Disapprove
2913,Approve
3021,Disapprove
587,Approve
1780,Approve
352,Approve
600,Disapprove
1324,Approve
707,NA
385,Approve
985,Approve
3097,Disapprove
610,Approve
3977,Disapprove
4078,Approve
967,Approve
1278,Disapprove
366,Approve
2106,Approve
3887,Disapprove
2823,Approve
3527,Disapprove
1661,Disapprove
3205,Approve
1600,Disapprove
988,Disapprove
3287,Approve
821,Disapprove
227,Approve
2934,Disapprove
1949,Approve
3901,Disapprove
309,Approve
1716,Approve
3625,Disapprove
3969,Disapprove
3354,Disapprove
3755,Approve
157,Disapprove
1981,Approve
1624,Disapprove
975,Approve
1237,Approve
1490,Approve
368,Approve
3350,Approve
3092,Disapprove
2489,Disapprove
517,Disapprove
1121,Approve
927,Approve
3242,Disapprove
1164,Approve
1301,Approve
2969,Disapprove
4001,Approve
473,Approve
972,Disapprove
1538,Disapprove
178,Disapprove
150,Disapprove
405,Approve
3962,Approve
2388,Approve
636,Disapprove
4118,Approve
13,Disapprove
1323,Disapprove
2254,Approve
3009,Approve
713,Approve
3104,Approve
3316,Disapprove
1734,Disapprove
3457,Approve
2824,Disapprove
1413,Disapprove
2909,Disapprove
1429,Disapprove
126,Disapprove
2019,Approve
3567,Approve
1542,Approve
3650,Approve
3294,Disapprove
2064,Approve
3825,Disapprove
241,Disapprove
2277,Disapprove
3957,Disapprove
3800,Disapprove
3540,Approve
3190,Approve
127,Approve
4000,Approve
3083,Approve
1076,Disapprove
2357,Approve
1239,Approve
2419,Approve
3319,Approve
2090,Approve
207,Disapprove
1446,Disapprove
3554,Disapprove
781,Approve
3415,Approve
4149,Disapprove
3113,Disapprove
752,Disapprove
3142,Disapprove
1714,Approve
799,Disapprove
1609,Disapprove
97,Disapprove
2900,Disapprove
1684,Disapprove
544,Disapprove
2642,Approve
3934,Disapprove
289,Disapprove
2871,Approve
3007,Disapprove
3673,Disapprove
3649,Approve
2123,Approve
3992,Approve
3557,Approve
173,Approve
3686,Disapprove
2813,Approve
2708,Disapprove
3056,Disapprove
2360,Disapprove
1222,Disapprove
2184,Approve
3748,Approve
1423,Disapprove
792,Approve
2034,Disapprove
1198,Disapprove
579,Disapprove
1887,Approve
485,Disapprove
4131,Approve
2221,Disapprove
3258,Disapprove
1731,Approve
376,Disapprove
3851,Disapprove
3285,Disapprove
3642,Disapprove
2057,Approve
3930,Approve
2451,Disapprove
1983,Disapprove
761,Disapprove
2852,Disapprove
465,Disapprove
1206,Disapprove
3797,Approve
3998,Disapprove
344,Approve
552,Disapprove
225,Disapprove
4155,Disapprove
3676,Approve
3198,Approve
2299,Disapprove
3683,Disapprove
1808,Disapprove
2780,Approve
3674,Approve
1964,Approve
321,Approve
861,Disapprove
3695,Disapprove
625,Disapprove
1378,Disapprove
598,Approve
1526,Approve
3283,Approve
195,Disapprove
117,Disapprove
446,Disapprove
1072,Approve
3697,Disapprove
592,Disapprove
1440,Approve
3816,Approve
2062,Approve
1315,Disapprove
2522,Approve
1637,Approve
399,Disapprove
2473,Disapprove
3116,Approve
2291,Disapprove
2623,Disapprove
1284,Approve
3591,Disapprove
340,Approve
3332,Disapprove
1724,Approve
1737,Disapprove
3240,Approve
380,Disapprove
2840,Approve
3212,Disapprove
2174,Disapprove
3015,Disapprove
1454,Disapprove
1986,Approve
4,Disapprove
3505,Disapprove
1613,Disapprove
889,Disapprove
1241,Approve
2347,Approve
4166,Approve
2287,Approve
2537,Approve
2904,Disapprove
890,Disapprove
3231,Disapprove
4168,Disapprove
3295,Approve
696,Disapprove
699,Disapprove
2426,Approve
2621,Disapprove
3565,Approve
1244,Approve
3342,Approve
1478,Disapprove
2467,Approve
4157,Disapprove
847,Disapprove
1346,Approve
978,Approve
2705,Approve
1819,Disapprove
2712,Disapprove
2756,Approve
1551,Approve
2309,Approve
754,Disapprove
3220,Approve
1607,Disapprove
3827,Disapprove
3831,Disapprove
3490,Approve
2366,Disapprove
2713,Disapprove
665,Disapprove
3091,Approve
3689,Approve
1135,Disapprove
3706,Disapprove
57,Disapprove
1917,Disapprove
672,Approve
3256,Disapprove
409,Approve
510,Disapprove
4048,Disapprove
2216,Disapprove
1161,Disapprove
888,Disapprove
867,Disapprove
1412,Disapprove
2089,Disapprove
2857,Approve
3044,Approve
562,Approve
2895,Disapprove
2160,Disapprove
2281,Disapprove
2747,Disapprove
3402,Disapprove
217,Disapprove
1103,Approve
2735,Disapprove
3134,Approve
4084,Approve
1549,Approve
2211,Disapprove
2030,Disapprove
2199,Disapprove
3972,Disapprove
3105,Approve
567,Approve
3750,Disapprove
149,Disapprove
3662,Disapprove
3556,Approve
1371,Disapprove
3453,Approve
1901,Disapprove
677,Disapprove
2941,Disapprove
3397,Disapprove
3614,Disapprove
177,Approve
4079,Disapprove
3048,Approve
3119,Disapprove
2629,Approve
4046,Disapprove
169,Approve
3863,Disapprove
2765,Disapprove
3548,Approve
482,Approve
1450,Approve
3873,Disapprove
1322,Approve
3412,Approve
4050,Disapprove
804,Disapprove
912,Approve
1509,Disapprove
2794,Disapprove
2541,Approve
1585,Approve
805,Approve
1649,Approve
3559,Approve
1855,Disapprove
458,Approve
502,Disapprove
2134,Approve
2164,Approve
1005,Approve
4069,Approve
3871,Disapprove
1730,Approve
968,Disapprove
1084,Approve
361,Disapprove
4136,Disapprove
4051,Approve
887,Approve
773,Disapprove
1126,Approve
1782,Disapprove
2755,Disapprove
2545,Approve
2750,Disapprove
644,Disapprove
2674,Approve
230,Disapprove
2080,Disapprove
1770,Disapprove
2797,Disapprove
2148,Disapprove
2800,Disapprove
2338,Disapprove
2383,Disapprove
2021,Disapprove
3534,Approve
1874,Approve
176,Approve
2481,Approve
597,Disapprove
1573,Disapprove
2531,Approve
947,Approve
2462,Approve
1675,Disapprove
3266,Approve
3909,Disapprove
2752,Disapprove
2654,Approve
1292,Approve
3275,Approve
1708,Approve
695,Disapprove
1823,Disapprove
283,Disapprove
3271,Disapprove
35,Disapprove
1251,Approve
2961,Approve
3033,Approve
3038,Approve
3002,Disapprove
1802,Disapprove
1671,Disapprove
3701,Disapprove
1656,Approve
2303,Disapprove
2009,Disapprove
2594,Disapprove
710,Disapprove
3964,Disapprove
2846,Disapprove
1350,Disapprove
3122,Approve
3243,Disapprove
4165,Approve
1451,Disapprove
2230,Approve
3718,Approve
1043,Disapprove
766,Approve
2077,Approve
4100,Approve
4109,Disapprove
2325,Approve
3393,Disapprove
1534,Approve
2043,Disapprove
1535,Disapprove
3252,Approve
776,Disapprove
1341,Approve
1250,Disapprove
1337,Approve
3249,Approve
2132,Disapprove
100,Approve
3276,Approve
1218,Disapprove
3168,Disapprove
1995,Approve
560,Disapprove
961,Disapprove
3331,Approve
1916,Disapprove
1211,Approve
3814,Disapprove
335,Approve
1532,Disapprove
1258,Disapprove
1725,Approve
3178,Approve
2279,Approve
2879,Approve
891,Disapprove
2308,Disapprove
1786,Disapprove
3585,Disapprove
42,Approve
950,Disapprove
2633,Disapprove
1652,Disapprove
303,Disapprove
3904,Disapprove
3803,Approve
1674,Approve
1157,Approve
2838,Disapprove
3114,Disapprove
199,Approve
2363,Disapprove
2751,Approve
1462,Disapprove
2694,Approve
561,Disapprove
4087,Disapprove
2945,Approve
2092,Approve
3712,Disapprove
3444,Approve
1946,Approve
1407,Disapprove
1283,Disapprove
439,Disapprove
4075,Approve
4156,Disapprove
3728,Approve
145,Approve
4035,Approve
1991,Approve
3165,Disapprove
2212,Disapprove
3500,Disapprove
623,NA
1952,Disapprove
287,Disapprove
2378,Disapprove
1207,Disapprove
3289,Approve
2204,Approve
1750,Disapprove
2593,Approve
3976,Approve
2923,Disapprove
1096,Disapprove
1882,Approve
2140,Approve
1814,Approve
4115,Disapprove
505,Approve
878,Approve
2905,Disapprove
373,Disapprove
833,Approve
3101,Disapprove
2568,Disapprove
1380,Approve
2516,Disapprove
3821,Disapprove
1265,Disapprove
1655,Approve
583,Disapprove
1913,Disapprove
281,Approve
1364,Disapprove
787,Approve
611,Approve
1726,Approve
392,Approve
3739,Disapprove
2979,Disapprove
3049,Approve
819,Approve
929,Approve
3351,Disapprove
3745,Approve
3440,Approve
2873,Approve
1272,Disapprove
1248,Disapprove
3948,Disapprove
2044,Disapprove
3665,Disapprove
2232,Disapprove
1545,Disapprove
1605,Disapprove
549,Approve
2880,Approve
2271,Disapprove
1523,Approve
2571,Disapprove
3245,Disapprove
1216,Disapprove
3379,Approve
1899,Approve
2542,Approve
3324,Disapprove
2764,Disapprove
2103,Disapprove
957,Approve
3428,Approve
1023,Disapprove
1082,Approve
3200,Disapprove
2585,Approve
3399,NA
1275,Approve
1816,Approve
2152,Approve
1651,Disapprove
3180,Disapprove
2131,Disapprove
3479,Approve
2918,Approve
3016,Approve
3475,Approve
1306,Disapprove
3210,Approve
3979,Approve
2518,Disapprove
3189,Approve
213,Approve
2669,Disapprove
1974,Approve
1442,Disapprove
346,Disapprove
1927,Disapprove
3077,Disapprove
1318,Approve
3380,Approve
2323,Approve
2739,Approve
871,Approve
1253,Disapprove
708,Approve
1203,Disapprove
3448,Approve
1452,Disapprove
2407,Disapprove
3795,Disapprove
1747,Disapprove
1238,Disapprove
676,Approve
378,Approve
2802,Approve
291,Disapprove
1482,Disapprove
2926,Disapprove
3279,Approve
33,Disapprove
1793,Disapprove
3613,Approve
3037,Disapprove
2868,Disapprove
4017,Approve
3423,Approve
3483,Disapprove
1358,Disapprove
27,Approve
494,Disapprove
2463,Disapprove
3291,Disapprove
3600,Disapprove
1488,Approve
1728,Disapprove
3241,Disapprove
3081,Disapprove
2658,Disapprove
68,Disapprove
870,Approve
2261,Approve
2949,Approve
2946,Disapprove
4094,Disapprove
423,Approve
963,Approve
3481,Disapprove
2086,Disapprove
91,Disapprove
2738,Disapprove
3586,Approve
3093,Disapprove
334,Approve
1527,Disapprove
193,Approve
3019,Disapprove
729,Disapprove
2471,Approve
3517,Disapprove
3209,Disapprove
3163,Disapprove
1270,Disapprove
88,Disapprove
1713,Disapprove
492,Approve
491,Disapprove
301,Approve
1497,Approve
1790,Approve
1443,Approve
3333,Disapprove
3282,Disapprove
1171,Disapprove
4111,Approve
1742,Approve
66,Disapprove
2487,Approve
2711,Approve
253,Disapprove
1873,Approve
3485,Approve
2997,Approve
77,Disapprove
2859,Disapprove
793,Disapprove
3502,Disapprove
2865,Disapprove
202,Disapprove
1556,Disapprove
3529,Approve
3723,Disapprove
353,Disapprove
3073,Disapprove
1500,Approve
2975,Disapprove
737,Disapprove
2831,Disapprove
3594,Approve
2902,Disapprove
3680,Disapprove
3566,Disapprove
3323,Disapprove
4012,Approve
4029,Approve
1681,Disapprove
362,Approve
3054,Disapprove
1554,Approve
706,Disapprove
908,Disapprove
1621,Disapprove
542,Disapprove
2381,Disapprove
1223,Disapprove
2513,Approve
4060,Disapprove
1705,Approve
1316,Disapprove
2146,Disapprove
2967,Approve
646,Disapprove
1788,Approve
4004,Approve
1832,Disapprove
2942,Disapprove
702,Disapprove
1481,Disapprove
3429,Approve
2508,Disapprove
1392,Disapprove
2312,Disapprove
1319,Disapprove
3910,Disapprove
1001,Approve
2340,Approve
2834,Approve
2268,Approve
559,Approve
4095,Approve
1345,Approve
3489,Disapprove
4097,Approve
1069,Disapprove
4091,Disapprove
639,Approve
3386,Disapprove
3187,Disapprove
2664,Disapprove
4104,Disapprove
1285,Disapprove
2145,Disapprove
2515,Disapprove
514,Approve
2076,Disapprove
2614,Approve
1311,Disapprove
1593,Disapprove
3886,Approve
1133,Disapprove
3167,Approve
2445,Disapprove
2415,Disapprove
3921,Approve
810,Disapprove
1828,Disapprove
570,Disapprove
153,Disapprove
448,Disapprove
411,Approve
3768,Approve
1706,Disapprove
1058,Approve
3819,Disapprove
2201,Approve
3459,Approve
383,Disapprove
211,Approve
221,Disapprove
3850,Approve
394,Disapprove
1102,Approve
1781,Disapprove
4027,Disapprove
3001,Disapprove
3265,Disapprove
3715,Disapprove
2251,Disapprove
1141,Approve
1918,Disapprove
285,Approve
2074,Approve
2689,Disapprove
1273,Approve
506,Disapprove
3463,Approve
2903,Approve
2801,Approve
719,Disapprove
1192,Disapprove
2743,Approve
54,Disapprove
2820,Disapprove
2507,Approve
165,Disapprove
3254,Approve
3530,Disapprove
3647,Approve
2842,Approve
3917,Disapprove
185,Disapprove
3771,Approve
733,Disapprove
2496,Approve
3515,Approve
359,Disapprove
125,Approve
2234,Disapprove
986,Disapprove
254,Disapprove
2998,Approve
1537,Disapprove
1555,Disapprove
1763,Approve
3703,Approve
2627,Disapprove
208,Disapprove
298,Approve
2692,Approve
2283,Disapprove
1465,Disapprove
2569,Disapprove
3127,Approve
2814,Disapprove
533,Disapprove
2231,Disapprove
1950,Disapprove
2219,Disapprove
3268,Disapprove
2,Disapprove
913,Approve
3963,Disapprove
2005,Disapprove
893,Approve
2710,Disapprove
3213,Disapprove
2939,Disapprove
451,Disapprove
1926,Disapprove
2329,Approve
1340,Disapprove
2605,Disapprove
3389,Approve
2860,Disapprove
275,Approve
660,Disapprove
2069,Disapprove
4099,Disapprove
342,Disapprove
3123,Approve
2950,Disapprove
1191,Approve
1858,Approve
2263,Disapprove
214,Disapprove
134,Approve
1795,Approve
899,Disapprove
1499,Disapprove
3637,Disapprove
2449,Disapprove
2706,Disapprove
3484,Approve
3651,Approve
3804,Disapprove
3164,Disapprove
952,Approve
92,Disapprove
3158,Approve
48,Disapprove
3846,Disapprove
3541,Disapprove
2474,Approve
1923,Approve
1767,Disapprove
1051,Disapprove
120,Approve
3497,Approve
1282,Approve
2470,Disapprove
1560,Approve
1105,Disapprove
3759,Disapprove
3202,Approve
2573,Disapprove
483,Disapprove
2768,Disapprove
3727,Disapprove
1177,Disapprove
3008,Disapprove
129,Disapprove
2438,Disapprove
1240,Disapprove
3302,NA
977,Disapprove
2889,Disapprove
671,Approve
3802,Disapprove
1969,Disapprove
3006,Disapprove
3012,Approve
3057,Approve
2886,Approve
2011,Approve
3469,Disapprove
588,Approve
1667,Approve
1158,Approve
3424,Approve
1877,Approve
2165,Approve
2897,Disapprove
1900,Approve
1267,Disapprove
1753,Disapprove
1996,Disapprove
1677,Disapprove
3307,Approve
4102,Approve
4137,Approve
82,Approve
3194,Approve
297,Disapprove
3788,Disapprove
3061,Disapprove
2856,Disapprove
98,Disapprove
3466,Disapprove
215,Approve
2180,Disapprove
2422,Disapprove
1059,Approve
2973,Disapprove
970,Disapprove
2259,Approve
3512,Approve
2332,Disapprove
2931,Approve
421,Approve
2441,Disapprove
964,Disapprove
876,Approve
1115,Disapprove
1020,Disapprove
751,Disapprove
2361,Disapprove
1735,Disapprove
3146,Approve
4161,Approve
946,Approve
424,Disapprove
3906,Disapprove
248,Approve
956,Approve
3839,Disapprove
2538,Approve
734,Approve
2727,Disapprove
2723,Disapprove
1229,Disapprove
1504,Disapprove
258,Disapprove
2631,Approve
1403,Approve
650,Approve
2960,Disapprove
609,Disapprove
3599,Disapprove
705,Approve
1864,Approve
747,Approve
2754,Approve
529,Approve
1435,Disapprove
803,Approve
1736,Disapprove
201,Approve
1013,Approve
2195,Disapprove
1365,Disapprove
3716,Disapprove
3685,Disapprove
1184,Disapprove
4055,Disapprove
1097,Disapprove
1434,Disapprove
1904,Approve
762,Disapprove
71,Disapprove
1120,Approve
3762,Disapprove
1693,Disapprove
3929,Disapprove
1464,Approve
4083,Approve
2819,Disapprove
3654,Disapprove
4108,Approve
1909,Disapprove
403,Disapprove
1642,Disapprove
3361,Disapprove
2115,Approve
1372,Approve
1432,Approve
228,Approve
2622,Disapprove
4026,Disapprove
222,Disapprove
2676,Disapprove
2704,Disapprove
349,Disapprove
1125,Disapprove
52,Approve
2963,Disapprove
503,Disapprove
2519,Disapprove
2981,Approve
3874,Approve
3539,Approve
273,Approve
3303,Disapprove
3465,Disapprove
3635,Disapprove
556,Disapprove
3702,Approve
995,Approve
2189,Approve
4031,Approve
3414,Disapprove
3668,Approve
1111,Disapprove
637,Approve
905,Approve
812,Disapprove
1522,Disapprove
12,Disapprove
104,Disapprove
2197,Disapprove
430,Disapprove
80,Disapprove
2269,Approve
615,Approve
1264,Disapprove
651,Disapprove
1872,Disapprove
2792,Disapprove
4034,Disapprove
2776,Disapprove
4132,Disapprove
1589,Approve
3551,Approve
3139,Disapprove
1190,Approve
1806,Disapprove
2022,Approve
3764,Approve
1785,Disapprove
1053,Approve
526,Disapprove
4096,Approve
1717,Disapprove
4126,Approve
780,Disapprove
2207,Approve
2983,Disapprove
1631,Disapprove
1104,Disapprove
551,Disapprove
1496,Disapprove
1653,Disapprove
2374,Approve
3897,Disapprove
982,Disapprove
3418,Approve
1553,Disapprove
2000,Disapprove
657,Disapprove
2301,Disapprove
3042,Approve
2933,Disapprove
1857,Approve
1967,Disapprove
3799,Approve
3381,Approve
4134,Disapprove
2769,Disapprove
3171,Disapprove
4121,Approve
3722,Disapprove
1368,Approve
271,Disapprove
2649,Disapprove
1329,Disapprove
1598,Approve
3144,Disapprove
2854,Disapprove
3593,Approve
2031,Disapprove
4074,Disapprove
784,Disapprove
2192,Disapprove
881,Approve
36,Disapprove
4053,Disapprove
286,Approve
827,Approve
4014,Disapprove
499,Disapprove
634,Disapprove
3317,Approve
3417,Approve
2330,Disapprove
1009,Disapprove
3405,Disapprove
1055,Disapprove
631,Disapprove
2065,Disapprove
3315,Disapprove
3546,Disapprove
3608,Disapprove
3035,Disapprove
1459,Disapprove
3942,Disapprove
2405,Approve
1232,Approve
2757,Approve
3297,Disapprove
3099,Approve
3169,Disapprove
4154,Disapprove
427,Approve
557,Approve
167,Disapprove
823,Approve
3308,Disapprove
2272,Approve
339,Disapprove
1937,Approve
824,Approve
1234,Approve
3856,Approve
1029,Disapprove
3496,Disapprove
1369,Disapprove
1247,Disapprove
785,Disapprove
2285,Disapprove
3336,Disapprove
794,Approve
2227,Disapprove
1813,Disapprove
3135,Disapprove
3778,NA
4089,Disapprove
749,Disapprove
1798,Approve
1679,Disapprove
466,Approve
3861,Disapprove
4113,Disapprove
3203,Disapprove
2928,Disapprove
268,Approve
471,Approve
269,Disapprove
2410,Approve
3868,Disapprove
1521,Disapprove
2433,Approve
2375,Disapprove
3110,Disapprove
1302,Approve
2210,Disapprove
2954,Disapprove
2612,Disapprove
1973,Disapprove
1694,Disapprove
3192,Approve
1584,Approve
1879,Disapprove
2533,Approve
2818,Disapprove
942,Approve
3577,Approve
1343,Approve
330,Approve
3298,Disapprove
3041,Approve
2026,Disapprove
3885,Disapprove
723,Disapprove
1862,Disapprove
431,Disapprove
3216,Disapprove
256,Approve
1339,Approve
1924,Disapprove
1829,Disapprove
242,Disapprove
3754,Disapprove
3313,Disapprove
2111,Disapprove
1475,Disapprove
1886,Approve
1547,Approve
2938,Disapprove
3751,Disapprove
1844,Disapprove
2177,Disapprove
2099,Approve
3582,Disapprove
1759,Disapprove
1941,Disapprove
1745,Disapprove
3065,Disapprove
520,Disapprove
945,Disapprove
4116,Approve
798,Disapprove
4098,Approve
3027,Disapprove
343,Disapprove
3138,Disapprove
886,Disapprove
2748,Approve
3309,Approve
2984,Approve
2560,Disapprove
1998,Approve
365,Disapprove
2386,Disapprove
2915,Disapprove
3830,Approve
3798,Disapprove
1764,Approve
3664,Disapprove
20,Disapprove
350,Approve
2618,Disapprove
1048,Disapprove
918,Disapprove
1903,Approve
569,Disapprove
624,Disapprove
3687,Disapprove
1186,Approve
3960,Disapprove
1579,Approve
3089,Disapprove
1740,Disapprove
3,Disapprove
2324,Disapprove
2911,Approve
3507,Disapprove
645,Approve
1565,Approve
3215,Disapprove
2270,Disapprove
1594,Disapprove
1698,Disapprove
1977,Approve
284,Disapprove
240,Approve
96,Disapprove
302,Disapprove
1134,Disapprove
3801,Disapprove
1046,Disapprove
3843,Approve
1067,Approve
743,Approve
4125,Approve
371,Approve
1259,Disapprove
2832,Disapprove
2097,Disapprove
2740,Approve
2091,Disapprove
1641,Disapprove
1356,Disapprove
2476,Approve
3375,Disapprove
2696,Disapprove
3708,Disapprove
1175,Disapprove
1885,Disapprove
3671,Disapprove
449,Disapprove
2512,Approve
2544,Disapprove
3549,Disapprove
1722,Approve
3698,Disapprove
1257,Disapprove
1493,Disapprove
3645,Approve
688,NA
3085,Disapprove
2490,Disapprove
264,Approve
456,Approve
3721,Approve
1622,Approve
992,Approve
2098,Disapprove
2510,Disapprove
3004,Disapprove
374,Disapprove
180,Disapprove
3156,Approve
1990,Approve
3053,Approve
920,Disapprove
2833,Approve
2459,Disapprove
2565,Disapprove
123,Disapprove
296,Approve
3983,Disapprove
933,Approve
839,Disapprove
3562,Disapprove
831,Approve
2081,Disapprove
2870,Disapprove
3356,Approve
3347,Approve
218,Approve
2924,Disapprove
2071,Disapprove
3679,Disapprove
3416,Approve
3052,Approve
3911,Disapprove
2482,Disapprove
2100,Disapprove
3329,Approve
1406,Disapprove
280,Approve
724,Disapprove
1815,Approve
2158,Approve
2577,Disapprove
1394,Disapprove
147,Approve
2461,Disapprove
1758,Disapprove
2990,Disapprove
192,Approve
3681,Disapprove
2497,Approve
470,Disapprove
720,Approve
1932,Disapprove
2468,Approve
4106,Disapprove
1149,Disapprove
2690,Disapprove
2181,Disapprove
915,Disapprove
655,Approve
2584,Approve
1308,Disapprove
252,NA
2424,Approve
3667,Approve
2013,Approve
716,Disapprove
3920,Approve
2805,Approve
2063,Approve
358,Disapprove
788,Disapprove
1869,Approve
1262,Disapprove
3102,Disapprove
3538,Approve
3024,Disapprove
2010,Approve
3067,Approve
2567,Approve
789,Disapprove
3968,Disapprove
1826,Approve
2891,Disapprove
1575,Disapprove
2393,Approve
835,Approve
3382,Disapprove
99,Disapprove
885,Disapprove
1213,Disapprove
135,Approve
910,Approve
1634,Disapprove
3026,Disapprove
1085,Approve
3404,Approve
2555,Disapprove
802,Disapprove
4120,Disapprove
118,Disapprove
3878,Approve
2286,Disapprove
2305,Approve
1338,Disapprove
2907,Disapprove
1401,Disapprove
24,Disapprove
2373,Disapprove
2466,Approve
3372,Approve
1751,Disapprove
643,Approve
866,Disapprove
81,Disapprove
3367,Disapprove
2665,Approve
3842,Disapprove
407,Approve
1014,Approve
1427,Approve
336,Approve
2346,Disapprove
1529,Disapprove
865,Disapprove
3439,Approve
151,Approve
2446,Disapprove
1040,Disapprove
3812,Approve
2055,Disapprove
2745,Approve
327,Approve
1883,Disapprove
331,Approve
2302,Approve
2349,Approve
105,Approve
116,Approve
3247,Disapprove
1741,Disapprove
932,Approve
2008,Approve
1501,Approve
3464,Approve
1939,Approve
1313,Approve
2647,Approve
419,Disapprove
2962,Disapprove
604,Approve
1424,Approve
3191,Disapprove
4070,Disapprove
2959,Approve
2257,Disapprove
3259,Disapprove
1204,Approve
857,Disapprove
2828,Approve
944,Approve
2500,Approve
435,Disapprove
535,Disapprove
3136,Disapprove
3832,Approve
1645,Approve
938,Approve
2418,Disapprove
1414,Approve
1463,Disapprove
2342,Disapprove
3822,Disapprove
460,NA
489,Disapprove
133,Disapprove
276,Disapprove
1436,Disapprove
3955,Disapprove
4042,Approve
951,Approve
3833,Disapprove
2730,Disapprove
515,Disapprove
1564,Approve
3314,Disapprove
3349,Disapprove
3400,Approve
401,Disapprove
948,Disapprove
3225,Disapprove
2636,Disapprove
3154,Disapprove
475,Disapprove
2384,Approve
2671,Approve
2059,Approve
1438,Approve
53,Approve
697,Disapprove
854,Disapprove
1668,Approve
815,Disapprove
924,Disapprove
2610,Disapprove
444,Disapprove
413,Disapprove
4043,Disapprove
74,Approve
666,Disapprove
2066,Approve
2672,Disapprove
2121,Disapprove
928,Approve
2233,Approve
1837,Disapprove
2932,Disapprove
712,Disapprove
626,Disapprove
2845,Approve
1686,Approve
1612,Disapprove
2235,Disapprove
317,Approve
2948,Disapprove
3882,Disapprove
2699,Approve
2017,Disapprove
250,Disapprove
3535,Approve
1268,Approve
2721,Disapprove
1948,Approve
1489,Disapprove
2117,Approve
4081,Disapprove
4059,Disapprove
332,Disapprove
1010,Disapprove
939,Approve
811,Disapprove
2872,Disapprove
3063,Approve
1546,Disapprove
595,Disapprove
3269,Approve
2479,Disapprove
1811,Disapprove
2559,Disapprove
262,Disapprove
1269,Disapprove
1071,Approve
2812,Approve
1896,Disapprove
3492,Disapprove
2317,Disapprove
391,Approve
1810,Disapprove
2809,Disapprove
1643,Disapprove
2657,Disapprove
1701,Disapprove
2667,Disapprove
2035,Disapprove
3504,Disapprove
838,Disapprove
1437,Approve
1606,Disapprove
2170,Disapprove
603,Disapprove
4025,Disapprove
3890,Disapprove
2246,Approve
3688,Disapprove
2223,Approve
926,Approve
1113,Approve
2350,Disapprove
916,Approve
3082,Approve
1697,Approve
2937,Approve
2437,Approve
3346,Disapprove
2603,Disapprove
3462,Disapprove
3973,Approve
160,Approve
418,Disapprove
1757,Approve
791,Disapprove
2376,Approve
1884,Disapprove
2166,Approve
1765,Disapprove
1928,Disapprove
3611,Disapprove
2896,Disapprove
1474,Disapprove
536,Approve
7,Approve
882,Approve
312,Approve
1256,Approve
1980,Approve
902,Approve
3031,Disapprove
3738,Approve
60,Approve
2971,Disapprove
1041,Disapprove
1420,Disapprove
2428,Approve
1562,Approve
612,Disapprove
412,Disapprove
2785,Disapprove
2703,Disapprove
130,Disapprove
727,Disapprove
3442,Approve
1453,Approve
1702,Disapprove
1933,Approve
3088,Disapprove
212,Approve
940,Disapprove
1309,Approve
3299,Disapprove
1961,Approve
2282,Disapprove
2122,Disapprove
3120,Approve
3519,Disapprove
607,Approve
3020,Approve
2337,Approve
1298,Disapprove
608,Disapprove
1024,Disapprove
711,Approve
468,Disapprove
593,Disapprove
1959,Approve
1820,Disapprove
3334,Approve
1628,Approve
4008,Disapprove
2289,Approve
3039,Disapprove
3808,Disapprove
2404,Approve
3447,Disapprove
3177,Disapprove
1297,Approve
1968,Approve
402,Approve
3075,Disapprove
3197,Approve
18,Approve
1971,Approve
3028,Disapprove
3576,Disapprove
124,Approve
3859,Disapprove
1295,Disapprove
2354,Approve
1676,Approve
323,Disapprove
1049,Approve
2580,Disapprove
2293,Approve
3598,Disapprove
555,Approve
1597,Disapprove
674,Disapprove
693,Disapprove
454,Approve
2023,Disapprove
2127,Disapprove
1027,Disapprove
1063,Disapprove
1944,Disapprove
894,Approve
1867,Disapprove
2128,Approve
855,Approve
2625,Disapprove
1940,Approve
1032,Approve
848,Disapprove
1849,Disapprove
3967,Approve
1595,Disapprove
742,Disapprove
2096,Disapprove
2495,Approve
144,Disapprove
1821,Disapprove
971,Disapprove
3774,Approve
3499,Approve
2033,Approve
3338,Approve
1332,Disapprove
3630,Disapprove
606,Disapprove
3915,Approve
1719,Disapprove
2135,Approve
1101,Disapprove
3884,Disapprove
1034,Disapprove
2536,Approve
3552,Disapprove
3908,Disapprove
522,Approve
2296,Disapprove
4054,Approve
834,Disapprove
2224,Approve
3692,Approve
3071,Disapprove
1907,Approve
3034,Approve
2825,Approve
3076,Disapprove
2228,Disapprove
4119,Approve
320,Disapprove
3587,Approve
4164,Disapprove
2240,Approve
558,Disapprove
1801,Approve
680,Disapprove
3064,Disapprove
224,Disapprove
2054,Approve
1951,Disapprove
2027,Approve
1921,Approve
1181,Disapprove
2352,Approve
2524,Disapprove
837,Disapprove
2853,Disapprove
295,Approve
3719,Disapprove
324,Disapprove
2875,Approve
2336,Disapprove
755,Disapprove
1439,Disapprove
3516,Approve
1934,Disapprove
1215,Approve
3619,Disapprove
3344,Approve
3491,Disapprove
1099,Approve
3357,Disapprove
3321,Disapprove
3604,Approve
2258,Disapprove
2869,Disapprove
314,Disapprove
1768,Approve
364,Approve
3219,Disapprove
1351,Disapprove
1008,Approve
400,Disapprove
1077,Disapprove
1199,Approve
3675,Approve
4167,Disapprove
3436,Approve
3432,Disapprove
3742,Approve
2141,Disapprove
1626,Approve
3555,Disapprove
43,Disapprove
2492,Disapprove
239,Approve
438,Approve
1533,Disapprove
3924,Approve
3174,Disapprove
3201,Disapprove
2370,Disapprove
509,Disapprove
263,Approve
2429,Disapprove
255,Disapprove
3358,Approve
1591,Approve
1080,Approve
3588,Approve
2079,Disapprove
1360,Disapprove
836,Disapprove
3753,Disapprove
200,Disapprove
226,Approve
2155,Disapprove
3108,Disapprove
272,Approve
375,Approve
2042,Disapprove
3426,Disapprove
4002,Disapprove
1078,Disapprove
1738,Disapprove
652,Disapprove
1957,Disapprove
1567,Approve
3456,Disapprove
2604,Approve
348,Approve
2225,Approve
3111,Approve
1150,Disapprove
209,Disapprove
2213,Disapprove
2147,Approve
357,Approve
220,Approve
1689,Approve
1455,Disapprove
1061,Disapprove
2549,Disapprove
3410,Disapprove
2520,Disapprove
1963,Approve
3326,Approve
493,Disapprove
3616,Approve
205,Disapprove
2046,Disapprove
234,Disapprove
2108,Disapprove
1590,Approve
3741,Approve
813,Approve
4056,Approve
1635,Approve
3420,Disapprove
3835,Disapprove
1611,Disapprove
703,Approve
2600,Approve
1201,Approve
2817,Approve
1506,Disapprove
1514,Disapprove
1075,Approve
3292,Approve
474,Disapprove
462,Disapprove
1185,Disapprove
2940,Disapprove
3763,Approve
3936,Disapprove
2655,Approve
4080,Disapprove
1289,Approve
862,Disapprove
2982,Disapprove
9,Disapprove
139,Disapprove
1953,Disapprove
2087,Disapprove
1729,Approve
2052,Disapprove
1352,Disapprove
1796,Disapprove
3074,Approve
3335,Approve
347,Disapprove
2368,Disapprove
1773,Approve
1022,Approve
4085,Approve
2980,Approve
3809,Approve
2639,Disapprove
3817,Disapprove
1409,Disapprove
1093,Disapprove
907,Disapprove
580,Approve
154,Disapprove
1680,Disapprove
1942,Disapprove
3090,Approve
1137,Approve
2070,Disapprove
1100,Approve
3958,Disapprove
4013,Disapprove
1833,Disapprove
930,Disapprove
1476,Disapprove
1036,Disapprove
2050,Disapprove
1354,Disapprove
759,Disapprove
420,Disapprove
3926,Approve
3590,Approve
744,Approve
3870,Disapprove
1468,Disapprove
895,Disapprove
3514,Approve
3446,Approve
1658,Disapprove
2681,Approve
818,Approve
2427,Approve
2333,Disapprove
872,Approve
1574,Disapprove
1261,Disapprove
1130,Approve
709,Approve
3736,Disapprove
1068,Disapprove
2319,Disapprove
306,Approve
3974,Approve
1235,Approve
1002,Disapprove
2202,Disapprove
1189,Disapprove
3916,Approve
2073,Approve
170,Approve
2863,Disapprove
2425,Disapprove
2411,Disapprove
1997,Disapprove
2088,Approve
3787,Disapprove
73,Approve
257,Disapprove
731,Disapprove
1226,Disapprove
3185,Approve
3355,Approve
613,Approve
769,Approve
2423,Disapprove
2601,Approve
3264,Disapprove
653,Approve
61,Approve
1587,Disapprove
274,Disapprove
527,Approve
1524,Approve
183,Approve
2236,Disapprove
3408,Disapprove
2803,Approve
2186,Disapprove
3284,Disapprove
2638,Disapprove
2532,Disapprove
1290,Approve
3107,Disapprove
1466,Disapprove
3176,Disapprove
767,Approve
4076,Approve
1227,Disapprove
152,Approve
2910,Disapprove
2109,Disapprove
2094,Approve
3933,Disapprove
3274,Approve
452,Disapprove
3867,Approve
1004,Disapprove
1842,Approve
2443,Disapprove
1083,Approve
2420,Disapprove
1293,Approve
3857,Disapprove
852,Approve
2288,Disapprove
111,Approve
231,Approve
667,Approve
563,Disapprove
1627,Approve
2985,Approve
101,Disapprove
817,Approve
1037,Approve
2687,Disapprove
2442,Disapprove
1550,Disapprove
1415,Approve
1789,Disapprove
1220,Approve
1512,Approve
2260,Approve
1925,Disapprove
2020,Disapprove
1026,Disapprove
4039,Disapprove
682,Approve
1408,Disapprove
1960,Disapprove
3729,Approve
1769,Approve
1430,Approve
1791,Approve
3467,Disapprove
1477,Approve
1194,Disapprove
3147,Approve
3047,Approve
63,Approve
299,Disapprove
459,Approve
3524,Disapprove
717,Approve
1876,Disapprove
2250,Disapprove
345,Disapprove
3255,Disapprove
1513,Approve
3740,Approve
3330,Approve
3766,Approve
3394,Approve
2598,Disapprove
137,Disapprove
1114,Disapprove
3304,Disapprove
648,Disapprove
511,Approve
1860,Disapprove
3422,Approve
1426,Approve
2733,NA
4138,Disapprove
1165,Approve
1182,Approve
3805,Disapprove
1277,Disapprove
108,Disapprove
880,Disapprove
3864,Disapprove
128,Disapprove
3211,Disapprove
658,Disapprove
2908,Approve
1410,Disapprove
3622,Approve
58,Disapprove
2775,Disapprove
3899,Approve
1690,Disapprove
2847,Disapprove
778,Disapprove
3717,Approve
3772,Disapprove
740,Disapprove
1116,NA
3860,Approve
2215,Disapprove
2890,Disapprove
937,Approve
1385,Disapprove
622,Disapprove
900,Disapprove
1648,Approve
3572,Approve
3640,Disapprove
1166,Disapprove
85,Disapprove
2273,Disapprove
1838,Disapprove
763,Approve
2144,Disapprove
3531,Disapprove
1566,Disapprove
1841,Approve
1019,Approve
2412,Approve
1766,Disapprove
2265,Disapprove
2864,Disapprove
2440,Approve
3477,Approve
3229,Disapprove
322,Approve
3837,Disapprove
3472,Approve
959,Approve
142,Approve
869,Disapprove
2328,Approve
3895,Disapprove
1399,NA
2083,Disapprove
1633,Approve
1266,Approve
2530,Disapprove
1915,Approve
2377,Approve
2310,Disapprove
2501,Disapprove
2102,Disapprove
2576,Disapprove
3175,Approve
3046,Disapprove
2036,Approve
3384,Disapprove
1695,Approve
3670,Approve
989,Disapprove
1467,Disapprove
3949,Approve
3944,Approve
1520,Approve
1930,Disapprove
1507,Approve
3433,Disapprove
1558,Approve
2321,Disapprove
3595,Approve
2358,Disapprove
480,Approve
590,Disapprove
3140,Disapprove
1803,Disapprove
2142,Approve
2266,Disapprove
2169,Disapprove
3648,Disapprove
4110,Approve
3468,Approve
1123,Disapprove
3584,Disapprove
1650,Disapprove
619,Disapprove
3996,Approve
3106,Disapprove
538,Disapprove
4064,Approve
1687,Disapprove
2829,Disapprove
2185,Approve
2841,Disapprove
1178,Approve
3609,Approve
3267,Disapprove
828,Disapprove
3784,Disapprove
1419,Disapprove
3476,Approve
3458,Approve
1615,Disapprove
3634,Disapprove
2244,Disapprove
3017,Disapprove
1984,Disapprove
816,Disapprove
2944,Approve
472,Disapprove
290,Approve
433,Disapprove
59,Disapprove
3118,Approve
2126,Approve
853,Approve
3293,Disapprove
726,Approve
883,Disapprove
2996,Disapprove
143,Approve
1616,Disapprove
1400,Disapprove
2659,Approve
244,Disapprove
1347,Approve
197,Disapprove
1470,Approve
4010,Approve
4123,Approve
2389,Approve
662,Approve
65,Disapprove
2675,Approve
589,Approve
156,Disapprove
2804,Disapprove
3769,Disapprove
1807,NA
2431,Approve
3363,Disapprove
2193,Disapprove
1709,Disapprove
2432,Approve
661,Disapprove
4032,Disapprove
2936,Approve
2602,Disapprove
1039,Disapprove
1169,Approve
432,Approve
2597,Disapprove
2175,Disapprove
3443,Disapprove
911,Disapprove
2280,Approve
1914,Disapprove
966,Approve
2548,Disapprove
395,Disapprove
4142,Disapprove
715,Approve
3794,Disapprove
1760,Approve
261,Disapprove
1384,Disapprove
3337,Approve
553,Disapprove
315,Disapprove
2130,Disapprove
457,Disapprove
1138,Disapprove
3615,Disapprove
1978,Approve
2558,Disapprove
2556,Disapprove
2012,Approve
627,Disapprove
3932,Disapprove
1604,Disapprove
1381,Approve
2821,Approve
3401,Disapprove
3526,Approve
2741,Approve
783,Approve
1391,Disapprove
83,Disapprove
1025,Disapprove
3217,Approve
2341,Disapprove
2616,Disapprove
3094,Approve
2632,Disapprove
3824,Disapprove
2876,Disapprove
3991,Approve
2994,Approve
2613,Approve
807,Disapprove
2356,Approve
2640,Disapprove
884,Disapprove
4133,Disapprove
382,Disapprove
3725,Disapprove
1217,Disapprove
3343,Approve
2535,Disapprove
2572,Disapprove
2153,Disapprove
2456,Approve
1970,Disapprove
1188,Disapprove
532,Approve
3806,Disapprove
2006,Approve
3195,Approve
3990,Disapprove
109,Approve
2715,Disapprove
3130,Disapprove
3322,Disapprove
1665,Disapprove
2685,Approve
1912,Disapprove
2951,Disapprove
2298,Disapprove
2761,Approve
2056,Disapprove
2874,Approve
490,Approve
1007,Approve
2999,Approve
2082,Approve
3364,Approve
965,Disapprove
3883,Approve
2494,Approve
3583,Approve
3985,Approve
2124,Approve
4036,Disapprove
2731,Approve
2858,Disapprove
3438,Approve
2450,Disapprove
2952,Disapprove
3390,Disapprove
2861,Approve
1444,Disapprove
190,Disapprove
2995,Approve
1057,Disapprove
2045,Disapprove
1148,Disapprove
2401,Disapprove
564,Approve
2483,Approve
1461,Disapprove
2104,Disapprove
3238,Disapprove
1484,Approve
1568,Disapprove
3903,Disapprove
601,Disapprove
1294,Approve
2173,Disapprove
3325,Disapprove
1335,Disapprove
2150,Disapprove
3488,Approve
1603,Disapprove
189,Disapprove
1087,Approve
3501,Disapprove
1387,Disapprove
3207,Approve
2256,Approve
3836,Approve
1079,Approve
2314,Approve
4124,Disapprove
181,Disapprove
1895,Disapprove
2018,Approve
3100,Approve
1179,Disapprove
3518,Disapprove
1221,Disapprove
2965,Approve
2583,Disapprove
3078,Disapprove
3250,Approve
2673,Approve
166,Approve
1300,Approve
1090,Disapprove
1825,Disapprove
4158,Disapprove
384,Disapprove
4143,Approve
140,Disapprove
3743,Disapprove
534,Disapprove
3214,Disapprove
2881,Approve
2718,Approve
3807,Approve
3403,Approve
3184,Disapprove
768,Disapprove
2697,Approve
1336,Approve
3779,Approve
3221,Approve
914,Disapprove
903,Disapprove
739,Disapprove
3533,Disapprove
1359,Approve
3971,Disapprove
2986,Approve
260,Approve
1291,Disapprove
1106,Approve
1160,Approve
983,Disapprove
4038,Disapprove
2525,Approve
2795,Disapprove
2722,Disapprove
3978,Disapprove
1848,Disapprove
3188,Disapprove
3270,Disapprove
3765,Disapprove
2143,Approve
1187,Disapprove
2575,Approve
2653,Disapprove
1433,Disapprove
2929,Approve
3892,Disapprove
354,Disapprove
850,Disapprove
814,Disapprove
4052,Disapprove
3746,Disapprove
3792,Disapprove
1388,Approve
1824,Disapprove
278,Approve
4140,Disapprove
1733,Approve
1327,Approve
21,Disapprove
3503,Approve
487,Approve
1017,Disapprove
70,Approve
3879,Disapprove
1699,Approve
3129,Approve
2178,Approve
596,Disapprove
232,Disapprove
3385,Disapprove
3286,Disapprove
3482,Disapprove
429,Approve
1127,Disapprove
2898,Disapprove
1660,Disapprove
2351,Approve
2408,Disapprove
640,Approve
51,Approve
3696,Approve
984,Disapprove
1531,Disapprove
2586,Disapprove
3770,Disapprove
1797,Approve
2563,Approve
2893,Approve
174,Disapprove
3045,Disapprove
1299,Disapprove
1089,Disapprove
1246,Approve
1617,Disapprove
2564,Approve
1966,Approve
3852,Disapprove
621,Disapprove
3011,Disapprove
216,Disapprove
175,Disapprove
3672,Disapprove
2566,Disapprove
3040,Approve
3758,Approve
3257,Disapprove
3478,Disapprove
3627,Disapprove
2242,Approve
1305,Disapprove
1303,Disapprove
2641,Disapprove
2777,Approve
188,Disapprove
2670,Disapprove
3095,Disapprove
3155,Approve
3563,Approve
72,Approve
757,Approve
1326,Disapprove
808,Approve
3376,Approve
2590,Disapprove
1576,Disapprove
1473,Disapprove
1314,Disapprove
2885,Disapprove
2844,NA
355,Disapprove
3636,Disapprove
3450,Approve
2791,Disapprove
3709,Disapprove
279,Disapprove
1910,Disapprove
2737,Disapprove
294,Disapprove
3228,Disapprove
2887,Disapprove
2807,Disapprove
2732,Approve
2822,Approve
2762,Approve
2855,Approve
843,Disapprove
4045,Disapprove
1898,Disapprove
2316,Disapprove
4135,Disapprove
3396,Disapprove
3707,Disapprove
2480,Approve
2957,Disapprove
2485,Disapprove
3951,Disapprove
501,Disapprove
1720,Disapprove
313,Disapprove
2295,Disapprove
3495,Disapprove
6,Disapprove
575,Disapprove
4006,Approve
1480,Approve
3172,Approve
2826,Disapprove
3348,Disapprove
1754,Approve
993,Disapprove
1249,Approve
2714,Disapprove
19,Disapprove
2514,Approve
3251,Disapprove
3296,Disapprove
725,Approve
998,Disapprove
2343,Disapprove
3452,Disapprove
1582,Approve
3253,Approve
3947,Approve
4057,Disapprove
2914,Disapprove
851,Disapprove
3498,Approve
4022,Approve
1328,Disapprove
3756,Approve
1647,Disapprove
832,Disapprove
2402,Disapprove
1095,Disapprove
1491,Disapprove
921,Disapprove
113,Disapprove
4144,Disapprove
3994,Approve
2695,Disapprove
2892,Disapprove
146,Approve
3905,Disapprove
3902,Approve
2262,Disapprove
2557,Disapprove
1370,Disapprove
3153,Approve
1405,Disapprove
1861,Approve
1117,Disapprove
2161,Disapprove
1441,Approve
1485,Approve
2038,Approve
2912,Disapprove
469,Approve
3227,Disapprove
3132,Disapprove
3744,Disapprove
2253,Disapprove
1389,Approve
1236,Disapprove
3301,Approve
3981,Approve
568,Disapprove
1947,Disapprove
3121,Approve
2607,Disapprove
2275,Approve
2729,Disapprove
338,Disapprove
1989,Approve
1639,Disapprove
3733,Disapprove
3937,Approve
3096,Disapprove
3128,Disapprove
1018,Disapprove
2326,Approve
2992,Disapprove
3854,Disapprove
2247,Disapprove
504,Disapprove
155,Disapprove
1263,Disapprove
1276,Approve
1528,Disapprove
864,Disapprove
3370,Approve
3072,Approve
2648,Disapprove
3869,Disapprove
774,Disapprove
3149,Disapprove
2609,Disapprove
4058,Disapprove
1519,Disapprove
3656,Disapprove
4093,Disapprove
1119,Disapprove
1822,Disapprove
2517,Approve
3760,Disapprove
3218,Disapprove
845,Disapprove
1205,Disapprove
1243,Approve
2176,Disapprove
2372,Disapprove
616,Disapprove
3558,Disapprove
3112,Approve
692,Approve
550,Approve
3233,Disapprove
1640,Approve
3141,Disapprove
1778,Approve
1732,Approve
2726,Approve
2789,Approve
422,Disapprove
714,Disapprove
3940,Disapprove
2619,Disapprove
1559,Approve
949,Approve
3834,Disapprove
1288,Disapprove
1691,NA
1228,Disapprove
1683,Approve
2392,Approve
1774,Disapprove
4049,Approve
1202,Approve
1577,Disapprove
753,Approve
1242,Disapprove
3813,Disapprove
3060,Approve
1333,Disapprove
4007,Disapprove
3079,Disapprove
584,Disapprove
1379,Disapprove
3941,Disapprove
4020,Disapprove
3051,Approve
1416,Approve
3602,Disapprove
1411,Approve
1744,Approve
1992,Disapprove
3652,Approve
464,Approve
3360,Disapprove
326,Disapprove
3451,Approve
2477,Disapprove
23,Disapprove
1355,Disapprove
1486,Disapprove
3943,Disapprove
2274,Disapprove
2589,Approve
2943,Approve
1958,Disapprove
379,Approve
440,Approve
2365,Disapprove
2778,Disapprove
3173,Disapprove
2592,Approve
632,Approve
1608,Approve
547,Disapprove
953,Approve
3690,Disapprove
3710,Approve
3312,Disapprove
2369,Disapprove
1563,Disapprove
3435,Disapprove
1700,Disapprove
994,Approve
2297,Disapprove
2484,Approve
3655,Approve
2475,Disapprove
694,Disapprove
656,Disapprove
3735,Disapprove
2067,Disapprove
397,Disapprove
581,Approve
2403,Disapprove
2511,Approve
3339,Approve
495,Disapprove
2684,Disapprove
29,Approve
1230,Disapprove
3290,Disapprove
90,Disapprove
1809,Approve
629,Disapprove
247,Disapprove
1891,Approve
1012,Disapprove
3306,Disapprove
3487,Disapprove
2243,Approve
572,Approve
2313,Disapprove
673,Disapprove
3311,Disapprove
1321,Approve
1945,Approve
3730,Approve
2608,Disapprove
106,Disapprove
3152,Approve
2678,Disapprove
3183,Approve
3230,Disapprove
772,Disapprove
545,Disapprove
500,Approve
2399,Approve
3553,Disapprove
2504,Disapprove
2457,Disapprove
2379,Disapprove
2264,NA
2439,Disapprove
1393,Approve
2469,Disapprove
2793,Approve
1052,Approve
2214,Disapprove
2686,Approve
3574,Approve
2460,Approve
3844,Approve
745,Approve
585,Approve
1131,Approve
3032,Disapprove
50,Disapprove
3912,Approve
2191,Disapprove
2049,Approve
1571,Approve
3666,Disapprove
2053,Approve
3430,Disapprove
223,Disapprove
2245,Approve
3109,Approve
246,Approve
1703,Disapprove
2284,Approve
2486,Disapprove
2630,Disapprove
2850,Disapprove
4044,Disapprove
4139,Disapprove
1210,Approve
2987,Disapprove
3523,Disapprove
4148,Disapprove
1580,Approve
2226,Approve
4072,Approve
4151,Approve
1800,Disapprove
2716,Disapprove
3829,Approve
2836,Disapprove
2002,Approve
790,Approve
3624,Approve
2851,Disapprove
1136,Disapprove
4062,Approve
1536,Approve
1028,Disapprove
311,Disapprove
1128,Disapprove
1540,Approve
4077,Disapprove
3900,Disapprove
1599,Disapprove
386,Approve
3732,Approve
2139,Approve
121,Disapprove
1349,Disapprove
3023,Disapprove
638,Approve
4019,Disapprove
3669,Disapprove
3521,Disapprove
3927,Disapprove
171,Approve
1334,Disapprove
2766,Disapprove
859,Disapprove
310,Disapprove
3975,Disapprove
2014,Approve
4152,Approve
647,Approve
2606,Disapprove
3547,Approve
2095,Approve
3143,Disapprove
1361,Disapprove
2085,Disapprove
1856,Approve
87,Approve
37,Disapprove
2521,Disapprove
1548,Disapprove
1383,Approve
3700,Disapprove
3865,Disapprove
3693,Approve
1572,Disapprove
22,Approve
892,Disapprove
1530,Approve
3003,Approve
1233,Approve
3025,Disapprove
4047,Approve
3193,Disapprove
62,Disapprove
1850,Approve
2217,Disapprove
1892,Disapprove
684,Approve
2390,Approve
3782,Disapprove
3391,Approve
3137,Approve
577,Disapprove
2506,Approve
1320,Approve
1696,Disapprove
4127,Disapprove
1670,Disapprove
1657,Approve
3866,Disapprove
3959,Disapprove
1518,Approve
3877,Disapprove
1517,Disapprove
2595,Disapprove
896,Disapprove
2837,Approve
1156,Approve
3281,Approve
4150,Approve
2051,Approve
1011,Disapprove
630,Approve
1761,Approve
41,Disapprove
3913,Approve
2364,Approve
3811,Approve
2448,Approve
668,Disapprove
3872,Approve
2815,Disapprove
2993,Disapprove
2643,Approve
2774,Disapprove
3568,Disapprove
586,Disapprove
2453,Disapprove
410,Disapprove
1402,Disapprove
3166,NA
1771,Disapprove
990,Approve
2248,Disapprove
3511,Approve
1792,Approve
1954,Disapprove
2344,Disapprove
3327,Approve
3919,Approve
1395,Approve
4009,Disapprove
4129,Disapprove
2882,Disapprove
2200,Disapprove
4021,Disapprove
1375,Approve
2003,Disapprove
2149,Approve
2921,Disapprove
1,Disapprove
2547,Approve
1367,Disapprove
3704,Disapprove
1755,Disapprove
931,Disapprove
3544,Disapprove
45,Disapprove
2707,Approve
1183,Disapprove
3345,Disapprove
3898,Approve
2588,Approve
3260,Disapprove
683,Approve
1712,Disapprove
758,Approve
238,Disapprove
3931,Disapprove
363,Disapprove
801,Approve
1880,Disapprove
3881,Disapprove
2596,Approve
2183,Approve
3849,Disapprove
764,Approve
1976,Approve
300,Disapprove
2114,Disapprove
356,Disapprove
2760,Disapprove
3823,Approve
1047,Approve
4128,Approve
436,Disapprove
2129,Approve
2290,Disapprove
198,Disapprove
3789,Approve
955,Disapprove
479,Approve
4086,Approve
2491,Disapprove
1124,Disapprove
2773,Disapprove
3618,Approve
1988,Approve
2397,Approve
860,Disapprove
159,Approve
318,Disapprove
548,Approve
233,Approve
1799,Disapprove
2916,Disapprove
1749,Approve
1197,Disapprove
4016,Approve
1975,Disapprove
2320,Disapprove
1630,Disapprove
1070,Approve
1710,Approve
628,Disapprove
1390,Disapprove
396,Disapprove
17,Approve
437,Approve
132,Disapprove
3907,Disapprove
2061,Disapprove
571,Approve
917,Disapprove
266,Disapprove
168,Disapprove
3398,Disapprove
2190,Disapprove
935,Approve
1707,Disapprove
3617,Disapprove
3058,Disapprove
4040,Approve
3925,Approve
987,Disapprove
2724,Disapprove
3377,Disapprove
3914,Disapprove
722,Disapprove
1985,Approve
136,Approve
3131,NA
2591,Disapprove
3248,Disapprove
1614,Disapprove
442,Disapprove
732,Disapprove
38,Approve
3896,Disapprove
3145,Disapprove
2040,Approve
1245,Approve
923,Disapprove
2901,Approve
1231,Approve
2107,Approve
1225,Disapprove
245,Approve
1748,Approve
2391,Disapprove
1578,Approve
2919,Disapprove
4101,Disapprove
3820,Approve
1515,Disapprove
3237,Disapprove
288,Disapprove
2004,Approve
919,Disapprove
3395,Disapprove
736,Disapprove
3371,Disapprove
718,Disapprove
26,Approve
3170,Disapprove
3022,Approve
659,Approve
1704,Disapprove
1173,Approve
2488,Approve
840,Disapprove
3368,Disapprove
3148,Disapprove
187,Approve
2848,Disapprove
578,Disapprove
3705,Approve
2677,Disapprove
554,Disapprove
3288,Disapprove
1310,Disapprove
3509,Disapprove
2989,Disapprove
1775,Approve
2385,Disapprove
2179,Approve
2218,Disapprove
974,Approve
2084,Disapprove
2626,Approve
3840,Approve
1865,Disapprove
3939,Disapprove
3749,Disapprove
2806,Approve
2578,Disapprove
3658,Approve
4114,Approve
3980,Disapprove
1931,Disapprove
414,Disapprove
49,Approve
93,Disapprove
543,Disapprove
1362,Approve
3383,Disapprove
1274,Disapprove
1906,Approve
2239,Approve
2502,Approve
2068,Disapprove
925,Disapprove
3234,Disapprove
3644,Approve
4068,Approve
3785,Disapprove
372,Approve
3030,Disapprove
846,Disapprove
3196,Disapprove
4028,Approve
2015,Disapprove
3059,Disapprove
210,Disapprove
540,Disapprove
2816,Disapprove
1418,Disapprove
107,Approve
954,Approve
943,Disapprove
2977,Disapprove
2796,Disapprove
1685,Disapprove
4063,Approve
1449,Disapprove
3660,Approve
3986,Approve
191,Disapprove
1110,Disapprove
1979,Disapprove
856,Disapprove
3224,Disapprove
3646,Disapprove
1840,Approve
3328,Disapprove
1830,Disapprove
2702,Disapprove
1398,Disapprove
4105,Disapprove
1062,Disapprove
2709,Approve
3421,Approve
425,Approve
2371,Disapprove
2771,Approve
4066,Disapprove
1836,Disapprove
3365,Disapprove
319,Approve
2978,Approve
1779,Disapprove
1044,Approve
4011,Disapprove
922,Approve
1871,Approve
1692,Disapprove
3272,Approve
1544,Approve
3966,Approve
2719,Disapprove
3657,Disapprove
2162,Disapprove
3734,Disapprove
2624,Approve
476,Disapprove
3525,Disapprove
3133,Approve
3280,Approve
164,Approve
2421,Approve
3761,Disapprove
3845,Disapprove
2294,Disapprove
2922,Disapprove
830,Disapprove
1214,Disapprove
1804,Disapprove
2171,Approve
2304,Disapprove
2599,Disapprove
901,Disapprove
2307,Disapprove
678,Approve
1331,Disapprove
2136,Disapprove
874,Disapprove
3261,Disapprove
3581,Disapprove
3206,Disapprove
3935,Approve
981,Disapprove
909,Disapprove
2187,Disapprove
1982,Approve
1152,Disapprove
292,Disapprove
1495,Disapprove
1422,Approve
2552,Disapprove
2499,Disapprove
3659,Disapprove
1987,Approve
1561,Approve
2327,Approve
3086,Approve
566,Disapprove
2037,Disapprove
3050,Disapprove
1212,Disapprove
2883,Disapprove
2238,Disapprove
3425,Disapprove
1845,Approve
2988,Disapprove
2953,Disapprove
3592,Disapprove
